image,category,dress_colour
images\African\ab11.jpeg,African,Brown
images\African\ab22.jpeg,African,Brown
images\African\ab33.jpeg,African,Brown
images\African\ab44].jpeg,African,Brown
images\African\abe1.jpeg,African,Cream
images\African\ac1.jpeg,African,Cream
images\African\af1.jpeg,African,Cream
images\African\af10.jpeg,African,White
images\African\af13.jpeg,African,Yellow
images\African\af14.jpeg,African,Multicolour
images\African\af15.jpeg,African,Green
images\African\af16.jpeg,African,White
images\African\af17.jpeg,African,White
images\African\af18.jpeg,African,Blue
images\African\af19.jpeg,African,White
images\African\af20.jpeg,African,Black
images\African\af21.jpeg,African,Yellow
images\African\af22.jpeg,African,Pink
images\African\af23.jpeg,African,Black
images\African\af24.jpeg,African,Black
images\African\af25.jpeg,African,Beige
images\African\af26.jpeg,African,Brown
images\African\af28.jpeg,African,Cream
images\African\af29.jpeg,African,Grey
images\African\af3.jpeg,African,Multicolour
images\African\af30.jpeg,African,Pink
images\African\af31.jpeg,African,White
images\African\af32.jpeg,African,Pink
images\African\af33.jpeg,African,Blue
images\African\af34.jpeg,African,Black
images\African\af35.jpeg,African,Black
images\African\af36.jpeg,African,Black
images\African\af37.jpeg,African,Cream
images\African\af38.jpeg,African,Pink
images\African\af4.jpeg,African,Silver
images\African\af40.jpeg,African,White
images\African\af41.jpeg,African,Orange
images\African\af43.jpeg,African,Blue
images\African\af44.jpeg,African,Pink
images\African\af45.jpeg,African,Black
images\African\af46.jpeg,African,Black
images\African\af47.jpeg,African,Pink
images\African\af48.jpeg,African,Blue
images\African\af49.jpeg,African,Blue
images\African\af5.jpeg,African,Multicolour
images\African\af50.jpeg,African,White
images\African\af51.jpeg,African,Red
images\African\af6.jpeg,African,White
images\African\af7.jpeg,African,White
images\African\af8.jpeg,African,Red
images\African\af9.jpeg,African,Blue
images\African\afc2.jpeg,African,Cream
images\African\afc3.jpeg,African,Cream
images\African\afc4.jpeg,African,Cream
images\African\afc5.jpeg,African,Cream
images\African\aflav1.jpeg,African,Lavender
images\African\aflav2.jpeg,African,Lavender
images\African\aflav3.jpeg,African,Lavender
images\African\aflav4.jpeg,African,Lavender
images\African\afm1.jpeg,African,Mauve
images\African\african c.jpeg,African,Mauve
images\African\african1.jpeg,African,Brown
images\African\african2.jpeg,African,Pink
images\African\africanc2.jpeg,African,Cream
images\African\africanc3.jpeg,African,Cream
images\African\africanc4.jpeg,African,Cream
images\African\ag1.jpeg,African,Green
images\African\ag2.jpeg,African,Green
images\African\ag3.jpeg,African,Green
images\African\ag4.jpeg,African,Green
images\African\ag5.jpeg,African,Green
images\African\ag6.jpeg,African,Green
images\African\ag7.jpeg,African,Green
images\African\am1.jpeg,African,Multicolour
images\African\am2.jpeg,African,Multicolour
images\African\am3.jpeg,African,Multicolour
images\African\am4.jpeg,African,Multicolour
images\African\am5.jpeg,African,Multicolour
images\African\am6.jpeg,African,Multicolour
images\African\am7.jpeg,African,Multicolour
images\African\ao1.jpeg,African,Multicolour
images\African\ao2.jpeg,African,Multicolour
images\African\ao3.jpeg,African,Multicolour
images\African\ao4.jpeg,African,Multicolour
images\African\ao5.jpeg,African,Orange
images\African\ao6.jpeg,African,Orange
images\African\ao7.jpeg,African,Orange
images\African\ar1.jpeg,African,Red
images\African\ar2.jpeg,African,Red
images\African\ar4.jpeg,African,Red
images\African\be4.jpeg,African,Beige
images\African\grayaf1.jpeg,African,Silver
images\African\grayaf2.jpeg,African,Silver
images\African\grayaf3.jpeg,African,Grey
images\African\grayaf4.jpeg,African,Grey
images\African\greyaf5.jpeg,African,Grey
images\African\greyaf6.jpeg,African,Grey
images\African\greyaf7.jpeg,African,Grey
images\African\m4.jpeg,African,Multicolour
images\African\maf1.jpeg,African,Purple
images\African\maf2.jpeg,African,Purple
images\African\maf3.jpeg,African,Purple
images\African\maf4.jpeg,African,Purple
images\African\maf5.jpeg,African,Purple
images\African\maronaf1.jpeg,African,Maroon
images\African\maronaf2.jpeg,African,Maroon
images\African\maronaf3.jpeg,African,Maroon
images\African\pa8.jpeg,African,Pink
images\African\pa9.jpeg,African,Pink
images\African\s14.jpeg,African,Silver
images\African\sa15.jpeg,African,Silver
images\African\sa16.jpeg,African,Silver
images\African\sa17.jpeg,African,Silver
images\African\sa18.jpeg,African,Silver
images\African\sa19.jpeg,African,Silver
images\African\sa20.jpeg,African,Silver
images\African\sa21.jpeg,African,Silver
images\African\sa22.jpeg,African,Silver
images\African\sa23.jpeg,African,Silver
images\African\ube1.jpeg,African,Cream
images\African\ube2.jpeg,African,Cream
images\African\ube3.jpeg,African,Cream
images\African\ya1.jpeg,African,Yellow
images\African\ya2.jpeg,African,Yellow
images\African\ya3.jpeg,African,Yellow
images\African\ya4.jpeg,African,Yellow
images\Other\024.jpeg,Other,Silver
images\Other\025.jpeg,Other,Silver
images\Other\g1.jpeg,Other,Green
images\Other\grey2.jpeg,Other,Silver
images\Other\greyo6.jpeg,Other,Silver
images\Other\greyo7.jpeg,Other,Grey
images\Other\o gery4.jpeg,Other,Grey
images\Other\o1.jpeg,Other,Green
images\Other\o10.jpeg,Other,Silver
images\Other\o11.jpeg,Other,Silver
images\Other\o13.jpeg,Other,Yellow
images\Other\o14.jpeg,Other,Cream
images\Other\o15.jpeg,Other,Maroon
images\Other\o16.jpeg,Other,White
images\Other\o17.jpeg,Other,Cream
images\Other\o18.jpeg,Other,Black
images\Other\o19.jpeg,Other,Mauve
images\Other\o2.jpeg,Other,Blue
images\Other\o20.jpeg,Other,Silver
images\Other\o21.jpeg,Other,White
images\Other\o22.jpeg,Other,White
images\Other\o23.jpeg,Other,White
images\Other\o24 - Copy.jpeg,Other,Silver
images\Other\o24.jpeg,Other,Blue
images\Other\o25.jpeg,Other,Silver
images\Other\o26.jpeg,Other,Brown
images\Other\o27.jpeg,Other,Blue
images\Other\o29.jpeg,Other,Blue
images\Other\o3.jpeg,Other,White
images\Other\o32.jpeg,Other,Blue
images\Other\o33.jpeg,Other,Red
images\Other\o34.jpeg,Other,Black
images\Other\o37.jpeg,Other,Black
images\Other\o38.jpeg,Other,Blue
images\Other\o39.jpeg,Other,Red
images\Other\o4.jpeg,Other,Silver
images\Other\o40.jpeg,Other,Blue
images\Other\o41.jpeg,Other,Beige
images\Other\o42.jpeg,Other,Blue
images\Other\o45.jpeg,Other,Pink
images\Other\o46.jpeg,Other,Green
images\Other\o47.jpeg,Other,Beige
images\Other\o48.jpeg,Other,Black
images\Other\o49.jpeg,Other,Black
images\Other\o50.jpeg,Other,Blue
images\Other\o6.jpeg,Other,Silver
images\Other\o7.jpeg,Other,Black
images\Other\o8.jpeg,Other,Black
images\Other\o9.jpeg,Other,Black
images\Other\ob1.jpeg,Other,Brown
images\Other\ob2.jpeg,Other,Brown
images\Other\ob3.jpeg,Other,Brown
images\Other\ob4.jpeg,Other,Brown
images\Other\ob5.jpeg,Other,Brown
images\Other\obe1.jpeg,Other,Beige
images\Other\obe2.jpeg,Other,Beige
images\Other\obe3.jpeg,Other,Beige
images\Other\obe4.jpeg,Other,Beige
images\Other\obe5.jpeg,Other,Beige
images\Other\obe6.jpeg,Other,Beige
images\Other\oc1.jpeg,Other,Beige
images\Other\oc2.jpeg,Other,Beige
images\Other\oc3.jpeg,Other,Beige
images\Other\oc4.jpeg,Other,Beige
images\Other\og2.jpeg,Other,Green
images\Other\og3.jpeg,Other,Green
images\Other\og4.jpeg,Other,Green
images\Other\og5.jpeg,Other,Green
images\Other\og7.jpeg,Other,Green
images\Other\ogrey1.jpeg,Other,Silver
images\Other\ogrey2.jpeg,Other,Silver
images\Other\ogrey3.jpeg,Other,Grey
images\Other\ogrey4.jpeg,Other,Grey
images\Other\olav1.jpeg,Other,Lavender
images\Other\olav3.jpeg,Other,Lavender
images\Other\om1.jpeg,Other,Multicolour
images\Other\om2.jpeg,Other,Multicolour
images\Other\om3.jpeg,Other,Multicolour
images\Other\om4.jpeg,Other,Multicolour
images\Other\op1.jpg,Other,Multicolour
images\Other\op2.jpeg,Other,Purple
images\Other\op3.jpeg,Other,Purple
images\Other\op4.jpeg,Other,Purple
images\Other\op5.jpeg,Other,Purple
images\Other\or1.jpeg,Other,Red
images\Other\or2.jpeg,Other,Red
images\Other\or3.jpeg,Other,Red
images\Other\or4.jpeg,Other,Red
images\Other\ou1.jpeg,Other,Yellow
images\Other\ou5.jpeg,Other,Orange
images\Other\po1.jpeg,Other,Purple
images\Other\sa23.jpeg,Other,Silver
images\United_States\1c12.jpeg,United_States,Cream
images\United_States\ab1.jpeg,United_States,Brown
images\United_States\ab2.jpeg,United_States,Brown
images\United_States\ab3.jpeg,United_States,Brown
images\United_States\ab4.jpeg,United_States,Brown
images\United_States\abe1.jpeg,United_States,Brown
images\United_States\abe2.jpeg,United_States,Beige
images\United_States\abe3.jpeg,United_States,Beige
images\United_States\abe4.jpeg,United_States,Beige
images\United_States\amc2.jpeg,United_States,Cream
images\United_States\amlav.jpeg,United_States,Lavender
images\United_States\amlav2.jpeg,United_States,Lavender
images\United_States\amlav3.jpeg,United_States,Lavender
images\United_States\amlav4.jpeg,United_States,Lavender
images\United_States\amlav5.jpeg,United_States,Lavender
images\United_States\amlav6.jpeg,United_States,Lavender
images\United_States\amlav7.jpeg,United_States,Lavender
images\United_States\amm1.jpeg,United_States,Maroon
images\United_States\amm2.jpeg,United_States,Maroon
images\United_States\amm3.jpeg,United_States,Maroon
images\United_States\amm4.jpeg,United_States,Maroon
images\United_States\amm5.jpeg,United_States,Maroon
images\United_States\amm6.jpeg,United_States,Maroon
images\United_States\amm7.jpeg,United_States,Maroon
images\United_States\amp1.jpeg,United_States,Purple
images\United_States\amp2.jpeg,United_States,Purple
images\United_States\amp3.jpeg,United_States,Purple
images\United_States\geryam3.jpeg,United_States,Blue
images\United_States\geryam7.jpeg,United_States,Grey
images\United_States\greyam1.jpeg,United_States,Grey
images\United_States\greyam2.jpeg,United_States,Grey
images\United_States\greyam3.jpeg,United_States,Grey
images\United_States\greyam4.jpeg,United_States,Grey
images\United_States\greyam5.jpeg,United_States,Grey
images\United_States\greyam6.jpeg,United_States,Grey
images\United_States\lavam1.jpeg,United_States,Lavender
images\United_States\lavenu1.jpeg,United_States,Lavender
images\United_States\ou2.jpeg,United_States,Orange
images\United_States\ou3.jpeg,United_States,Orange
images\United_States\ou4.jpeg,United_States,Orange
images\United_States\pinu1.jpeg,United_States,Pink
images\United_States\pu5.jpeg,United_States,Pink
images\United_States\pu6.jpeg,United_States,Pink
images\United_States\pu7.jpeg,United_States,Pink
images\United_States\su10.jpeg,United_States,Silver
images\United_States\su11.jpeg,United_States,Silver
images\United_States\su12.jpeg,United_States,Silver
images\United_States\su13.jpeg,United_States,Silver
images\United_States\su14.jpeg,United_States,Silver
images\United_States\su5.jpeg,United_States,Silver
images\United_States\su6.jpeg,United_States,Silver
images\United_States\su7.jpeg,United_States,Silver
images\United_States\su8.jpeg,United_States,Silver
images\United_States\su9.jpeg,United_States,Silver
images\United_States\u1.jpeg,United_States,Yellow
images\United_States\u10.jpeg,United_States,White
images\United_States\u11.jpeg,United_States,White
images\United_States\u12.jpeg,United_States,Black
images\United_States\u13.jpeg,United_States,Silver
images\United_States\u14.jpeg,United_States,Silver
images\United_States\u15.jpeg,United_States,Blue
images\United_States\u16.jpeg,United_States,Black
images\United_States\u17.jpeg,United_States,Yellow
images\United_States\u18.jpeg,United_States,Black
images\United_States\u19.jpeg,United_States,Black
images\United_States\u2.jpeg,United_States,Black
images\United_States\u20.jpeg,United_States,Blue
images\United_States\u21.jpeg,United_States,Blue
images\United_States\u22.jpeg,United_States,White
images\United_States\u23.jpeg,United_States,Blue
images\United_States\u24.jpeg,United_States,White
images\United_States\u25.jpeg,United_States,Black
images\United_States\u26.jpeg,United_States,White
images\United_States\u27.jpeg,United_States,Beige
images\United_States\u28.jpeg,United_States,Pink
images\United_States\u29.jpeg,United_States,Yellow
images\United_States\u3.jpeg,United_States,Black
images\United_States\u31.jpeg,United_States,Blue
images\United_States\u32.jpeg,United_States,Blue
images\United_States\u33.jpeg,United_States,Black
images\United_States\u34.jpeg,United_States,Blue
images\United_States\u36.jpeg,United_States,Blue
images\United_States\u39.jpeg,United_States,Red
images\United_States\u4.jpeg,United_States,Black
images\United_States\u40.jpeg,United_States,White
images\United_States\u41.jpeg,United_States,Blue
images\United_States\u42.jpeg,United_States,Blue
images\United_States\u43.jpeg,United_States,Blue
images\United_States\u44.jpeg,United_States,White
images\United_States\u45.jpeg,United_States,Blue
images\United_States\u47.jpeg,United_States,Black
images\United_States\u48.jpeg,United_States,Black
images\United_States\u49.jpeg,United_States,Yellow
images\United_States\u5.jpeg,United_States,Blue
images\United_States\u50.jpeg,United_States,Cream
images\United_States\u51.jpeg,United_States,Yellow
images\United_States\u52.jpeg,United_States,Blue
images\United_States\u53.jpeg,United_States,Blue
images\United_States\u54.jpeg,United_States,White
images\United_States\u6.jpeg,United_States,Beige
images\United_States\u7.jpeg,United_States,Blue
images\United_States\u8.jpeg,United_States,Brown
images\United_States\u9.jpeg,United_States,White
images\United_States\uc1.jpeg,United_States,Beige
images\United_States\uc2.jpeg,United_States,Beige
images\United_States\uc3.jpeg,United_States,Beige
images\United_States\uc4.jpeg,United_States,Beige
images\United_States\uc5.jpeg,United_States,Beige
images\United_States\uc6.jpeg,United_States,Beige
images\United_States\uc7.jpeg,United_States,Beige
images\United_States\uc8.jpeg,United_States,Beige
images\United_States\uc9.jpeg,United_States,Beige
images\United_States\ug1.jpeg,United_States,Green
images\United_States\ug2.jpeg,United_States,Green
images\United_States\ug3.jpeg,United_States,Green
images\United_States\ug4.jpeg,United_States,Green
images\United_States\ug6.jpeg,United_States,Green
images\United_States\ug7.jpeg,United_States,Green
images\United_States\ulav2.jpeg,United_States,Lavender
images\United_States\ulav3.jpeg,United_States,Lavender
images\United_States\um1.jpeg,United_States,Multicolour
images\United_States\um2.jpeg,United_States,Multicolour
images\United_States\um3.jpeg,United_States,Multicolour
images\United_States\um5.jpeg,United_States,Multicolour
images\United_States\uo1.jpeg,United_States,Orange
images\United_States\uo2.jpeg,United_States,Orange
images\United_States\uo3.jpeg,United_States,Orange
images\United_States\uo4.jpeg,United_States,Orange
images\United_States\uo5.jpeg,United_States,Orange
images\United_States\ur1.jpeg,United_States,Red
images\United_States\ur2.jpeg,United_States,Red
images\United_States\ur3.jpeg,United_States,Red
images\United_States\ur4.jpeg,United_States,Red
images\United_States\usam1.jpeg,United_States,Mauve
images\United_States\usam2.jpeg,United_States,Mauve
images\United_States\usam3.jpeg,United_States,Mauve
images\United_States\yu1.jpeg,United_States,Yellow
images\United_States\yu2.jpeg,United_States,Yellow
images\United_States\yu3.jpeg,United_States,Yellow
images\indian\ami1.jpeg,indian,Mauve
images\indian\ami2.jpeg,indian,Mauve
images\indian\greyin1.jpeg,indian,Grey
images\indian\greyin2.jpeg,indian,Grey
images\indian\greyin3.jpeg,indian,Grey
images\indian\greyin4.jpeg,indian,Grey
images\indian\greyin6.jpeg,indian,Grey
images\indian\greyin7.jpeg,indian,Grey
images\indian\grryin5.jpeg,indian,Grey
images\indian\i1.jpeg,indian,Silver
images\indian\i10.jpeg,indian,Blue
images\indian\i11.jpeg,indian,Mauve
images\indian\i12.jpeg,indian,Black
images\indian\i14.jpeg,indian,Brown
images\indian\i15.jpeg,indian,Maroon
images\indian\i16.jpeg,indian,Brown
images\indian\i17.jpeg,indian,Cream
images\indian\i18.jpeg,indian,Silver
images\indian\i19.jpeg,indian,Blue
images\indian\i2.jpeg,indian,Black
images\indian\i20.jpeg,indian,Purple
images\indian\i21.jpeg,indian,White
images\indian\i23.jpeg,indian,Red
images\indian\i24.jpeg,indian,Pink
images\indian\i25.jpeg,indian,Pink
images\indian\i26.jpeg,indian,Red
images\indian\i27.jpeg,indian,Red
images\indian\i28.jpeg,indian,Yellow
images\indian\i29.jpeg,indian,Blue
images\indian\i3.jpeg,indian,Blue
images\indian\i30.jpeg,indian,White
images\indian\i31.jpeg,indian,Red
images\indian\i32.jpeg,indian,Purple
images\indian\i33.jpeg,indian,Red
images\indian\i34.jpeg,indian,Black
images\indian\i35.jpeg,indian,Blue
images\indian\i36.jpeg,indian,White
images\indian\i37.jpeg,indian,Mauve
images\indian\i38.jpeg,indian,Blue
images\indian\i39.jpeg,indian,Blue
images\indian\i4.jpeg,indian,Yellow
images\indian\i40.jpeg,indian,Beige
images\indian\i41.jpeg,indian,White
images\indian\i42.jpeg,indian,Maroon
images\indian\i43.jpeg,indian,Pink
images\indian\i44.jpeg,indian,White
images\indian\i46.jpeg,indian,Cream
images\indian\i47.jpeg,indian,Cream
images\indian\i48.jpeg,indian,Silver
images\indian\i49.jpeg,indian,Brown
images\indian\i5.jpeg,indian,White
images\indian\i50.jpeg,indian,Blue
images\indian\i51.jpeg,indian,Blue
images\indian\i52.jpeg,indian,Blue
images\indian\i53.jpeg,indian,Black
images\indian\i54.jpeg,indian,White
images\indian\i6.jpeg,indian,Blue
images\indian\i7.jpeg,indian,Brown
images\indian\i8.jpeg,indian,Silver
images\indian\i9.jpeg,indian,Yellow
images\indian\ibe.jpeg,indian,Beige
images\indian\ibe2.jpeg,indian,Beige
images\indian\ibe3.jpeg,indian,Beige
images\indian\ibe4.jpeg,indian,Beige
images\indian\ibe5.jpeg,indian,Beige
images\indian\ic1.jpeg,indian,Beige
images\indian\ic10.jpeg,indian,Cream
images\indian\ic1ii.jpeg,indian,Cream
images\indian\ic2'.jpeg,indian,Beige
images\indian\ic3.jpeg,indian,Beige
images\indian\ic4.jpeg,indian,Beige
images\indian\ic5.jpeg,indian,Beige
images\indian\ic6.jpeg,indian,Beige
images\indian\ic7.jpeg,indian,Beige
images\indian\ic8.jpeg,indian,Beige
images\indian\ic9.jpeg,indian,Beige
images\indian\il1.jpeg,indian,Lavender
images\indian\il2.jpeg,indian,Lavender
images\indian\il3.jpeg,indian,Lavender
images\indian\im1.jpeg,indian,Multicolour
images\indian\im2.jpeg,indian,Multicolour
images\indian\im4.jpeg,indian,Multicolour
images\indian\im5.jpeg,indian,Multicolour
images\indian\im6.jpeg,indian,Multicolour
images\indian\im7.jpeg,indian,Multicolour
images\indian\im9.jpeg,indian,Mauve
images\indian\io1.jpeg,indian,Orange
images\indian\io2.jpeg,indian,Orange
images\indian\io3.jpeg,indian,Orange
images\indian\io4.jpeg,indian,Orange
images\indian\io5.jpeg,indian,Orange
images\indian\io6.jpeg,indian,Orange
images\indian\io7.jpeg,indian,Orange
images\indian\ip1.jpeg,indian,Purple
images\indian\ir1.jpeg,indian,Red
images\indian\ir2.jpeg,indian,Red
images\indian\ir3.jpeg,indian,Red
images\indian\ir4.jpeg,indian,Red
images\indian\iy1.jpeg,indian,Yellow
images\indian\iy2.jpeg,indian,Yellow
images\indian\iy3.jpeg,indian,Yellow
images\indian\lav12.jpeg,indian,Lavender
images\indian\lavi1.jpeg,indian,Lavender
images\indian\lavi3.jpeg,indian,Lavender
images\indian\lavi4.jpeg,indian,Lavender
images\indian\m2.jpeg,indian,Maroon
images\indian\m3.jpeg,indian,Maroon
images\indian\m5.jpeg,indian,Maroon
images\indian\maroni1.jpeg,indian,Maroon
images\indian\mi1.jpeg,indian,Mauve
images\indian\mi2.jpeg,indian,Mauve
images\indian\mi3.jpeg,indian,Mauve
images\indian\mi4.jpeg,indian,Mauve
images\indian\mi5.jpeg,indian,Mauve
images\indian\mi6.jpeg,indian,Mauve
images\indian\mi7.jpeg,indian,Mauve
images\indian\mim3.jpeg,indian,Multicolour
images\indian\p12.jpeg,indian,Purple
images\indian\p13.jpeg,indian,Mauve
images\indian\p16.jpeg,indian,Purple
images\indian\pi1.jpeg,indian,Pink
images\indian\pi2.jpeg,indian,Pink
images\indian\pi3.jpeg,indian,Purple
images\indian\pi4.jpeg,indian,Purple
images\indian\pi6.jpeg,indian,Purple
images\indian\pi7.jpeg,indian,Purple
images\indian\si1.jpeg,indian,Silver
images\indian\si2.jpeg,indian,Silver
images\indian\si3.jpeg,indian,Silver
